{
  "setting": {
    "es6": true,
    "postcss": true,
    "minified": true,
    "uglifyFileName": false,
    "enhance": true,
    "packNpmRelationList": [],
    "babelSetting": {
      "ignore": [],
      "disablePlugins": [],
      "outputPath": ""
    },
    "useCompilerPlugins": false,
    "minifyWXML": true,
    "compileWorklet": false,
    "uploadWithSourceMap": true,
    "packNpmManually": false,
    "minifyWXSS": true,
    "localPlugins": false,
    "disableUseStrict": false,
    "condition": false,
    "swc": false,
    "disableSWC": true
  },
  "compileType": "miniprogram",
  "simulatorPluginLibVersion": {},
  "packOptions": {
    "ignore": [],
    "include": []
  },
  "appid": "wxca3f5909f7f5c6bd",
  "editorSetting": {},
  "libVersion": "3.11.0"
}